<?xml version="1.0" encoding="utf-8" standalone="yes" ?>
<Window size="288,332" caption="0,0,0,30">
    <Font name="幼圆" size="12" bold="false" italic="false" underline="false" />
    <Font name="Consolas" size="21" bold="false" italic="false" underline="false" default="true" />
    <Default name="OptionEx" value="bordersize=&quot;0&quot; float=&quot;f&quot; align=&quot;center&quot; normalimage=&quot;file=&apos;TabBtnBk.png&apos; source=&apos;0,0,87,30&apos; corner=&apos;15,15,15,15&apos;&quot; hotimage=&quot;file=&apos;TabBtnBk.png&apos; corner=&apos;15,15,15,15&apos; source=&apos;87,0,174,30&apos;&quot; selectedimage=&quot;file=&apos;TabBtnBk.png&apos; corner=&apos;15,15,15,15&apos; source=&apos;174,0,261,30&apos;&quot;" />
    <Default name="OptionEx2" value="bordersize=&quot;0&quot; float=&quot;f&quot; align=&quot;center&quot; normalimage=&quot;file=&apos;TabBtnBk.png&apos; source=&apos;0,0,87,30&apos; corner=&apos;2,1,2,1&apos;&quot; hotimage=&quot;file=&apos;TabBtnBk.png&apos; corner=&apos;2,1,2,1&apos; source=&apos;87,0,174,30&apos;&quot; selectedimage=&quot;file=&apos;TabBtnBk.png&apos; corner=&apos;2,1,2,1&apos; source=&apos;174,0,261,30&apos;&quot;" />
    <VerticalLayout name="ui_mainframe" width="680" height="273" maxheight="234" maxwidth="666">
        <HorizontalLayout name="title" height="22" bkcolor="#FFA0A0A4">
            <VerticalLayout height="20" inset="10,4,0,0">
                <Label text="虚拟键盘" textcolor="#00FFFFFF" disabledtextcolor="#FFA7A6AA" font="0" align="center" valign="center" />
            </VerticalLayout>
            <HorizontalLayout width="62" height="21">
                <Button name="ui_btn_hide" width="32" height="19" textcolor="#FF000000" disabledtextcolor="#FFA7A6AA" align="center" valign="center" normalimage="file=&apos;title_min.png&apos; dest=&apos;0,0,32,20&apos; source=&apos;0,0,32,20&apos;" hotimage="file=&apos;title_min.png&apos; dest=&apos;0,0,32,20&apos; source=&apos;32,0,64,20&apos;" pushedimage="file=&apos;title_min.png&apos; dest=&apos;0,0,32,20&apos; source=&apos;64,0,96,20&apos;" />
                <Button name="closebtn" width="32" height="21" textcolor="#FF000000" disabledtextcolor="#FFA7A6AA" align="center" valign="center" normalimage="file=&apos;title_close.png&apos; dest=&apos;0,0,32,20&apos; source=&apos;0,0,32,20&apos;" hotimage="file=&apos;title_close.png&apos; dest=&apos;0,0,32,20&apos; source=&apos;32,0,64,20&apos;" pushedimage="file=&apos;title_close.png&apos; dest=&apos;0,0,32,20&apos; source=&apos;64,0,96,20&apos;" />
            </HorizontalLayout>
        </HorizontalLayout>
        <VerticalLayout>
            <HorizontalLayout bordersize="2" bkcolor="#FFFFFFFF" bordercolor="#00A0A0A4" childpadding="2">
                <Button name="ui_btn_numpad7" text="7" float="true" pos="16,67,0,0" width="63" height="55" textcolor="#FF000000" disabledtextcolor="#FFA7A6AA" align="center" valign="center" normalimage="file=&apos;button_set.png&apos; source=&apos;0,0,42,37&apos;" hotimage="file=&apos;button_set.png&apos; source=&apos;0,38,42,75&apos;" pushedimage="file=&apos;button_set.png&apos; source=&apos;0,76,42,113&apos;" />
                <Button name="ui_btn_key_backspace" float="true" pos="213,183,0,0" width="63" height="55" textcolor="#FF000000" disabledtextcolor="#FFA7A6AA" align="center" valign="center" normalimage="file=&apos;button_set.png&apos; source=&apos;43,114,85,151&apos;" hotimage="file=&apos;button_set.png&apos; source=&apos;43,152,85,189&apos;" pushedimage="file=&apos;button_set.png&apos; source=&apos;43,190,85,227&apos;" />
                <Button name="ui_btn_numpad8" text="8" float="true" pos="82,67,0,0" width="63" height="55" textcolor="#FF000000" disabledtextcolor="#FFA7A6AA" align="center" valign="center" normalimage="file=&apos;button_set.png&apos; source=&apos;0,0,42,37&apos;" hotimage="file=&apos;button_set.png&apos; source=&apos;0,38,42,75&apos;" pushedimage="file=&apos;button_set.png&apos; source=&apos;0,76,42,113&apos;" />
                <Button name="ui_btn_numpad9" text="9" float="true" pos="148,67,0,0" width="63" height="55" textcolor="#FF000000" disabledtextcolor="#FFA7A6AA" align="center" valign="center" normalimage="file=&apos;button_set.png&apos; source=&apos;0,0,42,37&apos;" hotimage="file=&apos;button_set.png&apos; source=&apos;0,38,42,75&apos;" pushedimage="file=&apos;button_set.png&apos; source=&apos;0,76,42,113&apos;" />
                <Button name="ui_btn_numpad4" text="4" float="true" pos="16,125,0,0" width="63" height="55" textcolor="#FF000000" disabledtextcolor="#FFA7A6AA" align="center" valign="center" normalimage="file=&apos;button_set.png&apos; source=&apos;0,0,42,37&apos;" hotimage="file=&apos;button_set.png&apos; source=&apos;0,38,42,75&apos;" pushedimage="file=&apos;button_set.png&apos; source=&apos;0,76,42,113&apos;" />
                <Button name="ui_btn_numpad5" text="5" float="true" pos="82,125,0,0" width="63" height="55" textcolor="#FF000000" disabledtextcolor="#FFA7A6AA" align="center" valign="center" normalimage="file=&apos;button_set.png&apos; source=&apos;0,0,42,37&apos;" hotimage="file=&apos;button_set.png&apos; source=&apos;0,38,42,75&apos;" pushedimage="file=&apos;button_set.png&apos; source=&apos;0,76,42,113&apos;" />
                <Option name="ui_btn_key_numlock" text="NumL" float="true" pos="16,9,0,0" width="63" height="55" textcolor="#FF000000" disabledtextcolor="#FFA7A6AA" font="0" align="center" valign="center" normalimage="file=&apos;button_set.png&apos; source=&apos;0,0,42,37&apos;" selectedimage="file=&apos;button_set.png&apos; source=&apos;0,76,42,113&apos;" selectedtextcolor="#FF000000" />
                <Button name="ui_btn_key_divide" text="/" float="true" pos="82,9,0,0" width="63" height="55" textcolor="#FF000000" disabledtextcolor="#FFA7A6AA" align="center" valign="center" normalimage="file=&apos;button_set.png&apos; source=&apos;0,0,42,37&apos;" hotimage="file=&apos;button_set.png&apos; source=&apos;0,38,42,75&apos;" pushedimage="file=&apos;button_set.png&apos; source=&apos;0,76,42,113&apos;" />
                <Button name="ui_btn_key_multiply" text="*" float="true" pos="148,9,0,0" width="63" height="55" textcolor="#FF000000" disabledtextcolor="#FFA7A6AA" align="center" valign="center" normalimage="file=&apos;button_set.png&apos; source=&apos;0,0,42,37&apos;" hotimage="file=&apos;button_set.png&apos; source=&apos;0,38,42,75&apos;" pushedimage="file=&apos;button_set.png&apos; source=&apos;0,76,42,113&apos;" />
                <Button name="ui_btn_key_add" text="+" float="true" pos="213,67,0,0" width="63" height="113" textcolor="#FF000000" disabledtextcolor="#FFA7A6AA" align="center" valign="center" normalimage="file=&apos;button_set.png&apos; source=&apos;0,0,42,37&apos;" hotimage="file=&apos;button_set.png&apos; source=&apos;0,38,42,75&apos;" pushedimage="file=&apos;button_set.png&apos; source=&apos;0,76,42,113&apos;" />
                <Button name="ui_btn_key_subtract" text="-" float="true" pos="213,9,0,0" width="63" height="55" textcolor="#FF000000" disabledtextcolor="#FFA7A6AA" align="center" valign="center" normalimage="file=&apos;button_set.png&apos; source=&apos;0,0,42,37&apos;" hotimage="file=&apos;button_set.png&apos; source=&apos;0,38,42,75&apos;" pushedimage="file=&apos;button_set.png&apos; source=&apos;0,76,42,113&apos;" />
                <Button name="ui_btn_numpad6" text="6" float="true" pos="148,125,0,0" width="63" height="55" textcolor="#FF000000" disabledtextcolor="#FFA7A6AA" align="center" valign="center" normalimage="file=&apos;button_set.png&apos; source=&apos;0,0,42,37&apos;" hotimage="file=&apos;button_set.png&apos; source=&apos;0,38,42,75&apos;" pushedimage="file=&apos;button_set.png&apos; source=&apos;0,76,42,113&apos;" />
                <Button name="ui_btn_numpad1" text="1" float="true" pos="16,183,0,0" width="63" height="55" textcolor="#FF000000" disabledtextcolor="#FFA7A6AA" align="center" valign="center" normalimage="file=&apos;button_set.png&apos; source=&apos;0,0,42,37&apos;" hotimage="file=&apos;button_set.png&apos; source=&apos;0,38,42,75&apos;" pushedimage="file=&apos;button_set.png&apos; source=&apos;0,76,42,113&apos;" />
                <Button name="ui_btn_numpad2" text="2" float="true" pos="82,183,0,0" width="63" height="55" textcolor="#FF000000" disabledtextcolor="#FFA7A6AA" align="center" valign="center" normalimage="file=&apos;button_set.png&apos; source=&apos;0,0,42,37&apos;" hotimage="file=&apos;button_set.png&apos; source=&apos;0,38,42,75&apos;" pushedimage="file=&apos;button_set.png&apos; source=&apos;0,76,42,113&apos;" />
                <Button name="ui_btn_numpad3" text="3" float="true" pos="148,183,0,0" width="63" height="55" textcolor="#FF000000" disabledtextcolor="#FFA7A6AA" align="center" valign="center" normalimage="file=&apos;button_set.png&apos; source=&apos;0,0,42,37&apos;" hotimage="file=&apos;button_set.png&apos; source=&apos;0,38,42,75&apos;" pushedimage="file=&apos;button_set.png&apos; source=&apos;0,76,42,113&apos;" />
                <Button name="ui_btn_key_enter" text="Enter" float="true" pos="148,244,0,0" width="128" height="55" textcolor="#FF000000" disabledtextcolor="#FFA7A6AA" align="center" valign="center" normalimage="file=&apos;button_set.png&apos; source=&apos;0,0,42,37&apos;" hotimage="file=&apos;button_set.png&apos; source=&apos;0,38,42,75&apos;" pushedimage="file=&apos;button_set.png&apos; source=&apos;0,76,42,113&apos;" />
                <Button name="ui_btn_numpad0" text="0" float="true" pos="16,244,0,0" width="63" height="55" textcolor="#FF000000" disabledtextcolor="#FFA7A6AA" align="center" valign="center" normalimage="file=&apos;button_set.png&apos; source=&apos;0,0,42,37&apos;" hotimage="file=&apos;button_set.png&apos; source=&apos;0,38,42,75&apos;" pushedimage="file=&apos;button_set.png&apos; source=&apos;0,76,42,113&apos;" />
                <Button name="ui_btn_key_decimal" text="." float="true" pos="82,244,0,0" width="63" height="55" textcolor="#FF000000" disabledtextcolor="#FFA7A6AA" align="center" valign="center" normalimage="file=&apos;button_set.png&apos; source=&apos;0,0,42,37&apos;" hotimage="file=&apos;button_set.png&apos; source=&apos;0,38,42,75&apos;" pushedimage="file=&apos;button_set.png&apos; source=&apos;0,76,42,113&apos;" />
            </HorizontalLayout>
        </VerticalLayout>
    </VerticalLayout>
</Window>
