<?xml version="1.0" encoding="utf-8" standalone="yes" ?>
<Window size="666,234" caption="0,0,0,30">
    <Font name="幼圆" size="12" bold="false" italic="false" underline="false" />
    <Font name="Consolas" size="21" bold="false" italic="false" underline="false" default="true" />
    <Default name="OptionEx" value="bordersize=&quot;0&quot; float=&quot;f&quot; align=&quot;center&quot; normalimage=&quot;file=&apos;TabBtnBk.png&apos; source=&apos;0,0,87,30&apos; corner=&apos;15,15,15,15&apos;&quot; hotimage=&quot;file=&apos;TabBtnBk.png&apos; corner=&apos;15,15,15,15&apos; source=&apos;87,0,174,30&apos;&quot; selectedimage=&quot;file=&apos;TabBtnBk.png&apos; corner=&apos;15,15,15,15&apos; source=&apos;174,0,261,30&apos;&quot;" />
    <Default name="OptionEx2" value="bordersize=&quot;0&quot; float=&quot;f&quot; align=&quot;center&quot; normalimage=&quot;file=&apos;TabBtnBk.png&apos; source=&apos;0,0,87,30&apos; corner=&apos;2,1,2,1&apos;&quot; hotimage=&quot;file=&apos;TabBtnBk.png&apos; corner=&apos;2,1,2,1&apos; source=&apos;87,0,174,30&apos;&quot; selectedimage=&quot;file=&apos;TabBtnBk.png&apos; corner=&apos;2,1,2,1&apos; source=&apos;174,0,261,30&apos;&quot;" />
    <VerticalLayout name="ui_mainframe" width="680" height="273" maxheight="234" maxwidth="666">
        <HorizontalLayout name="title" height="22" bkcolor="#FFA0A0A4">
            <VerticalLayout height="20" inset="10,4,0,0">
                <Label text="虚拟键盘" textcolor="#00FFFFFF" disabledtextcolor="#FFA7A6AA" font="0" align="center" valign="center" />
            </VerticalLayout>
            <HorizontalLayout width="66" height="20">
                <Button name="minbtn" width="32" height="19" textcolor="#FF000000" disabledtextcolor="#FFA7A6AA" align="center" valign="center" normalimage="file=&apos;title_min.png&apos; dest=&apos;0,0,32,20&apos; source=&apos;0,0,32,20&apos;" hotimage="file=&apos;title_min.png&apos; dest=&apos;0,0,32,20&apos; source=&apos;32,0,64,20&apos;" pushedimage="file=&apos;title_min.png&apos; dest=&apos;0,0,32,20&apos; source=&apos;64,0,96,20&apos;" />
                <Button name="restorebtn" visible="false" textcolor="#FF000000" disabledtextcolor="#FFA7A6AA" align="center" valign="center" normalimage="file=&apos;title_restore.png&apos; dest=&apos;0,0,32,20&apos; source=&apos;0,0,32,20&apos;" hotimage="file=&apos;title_restore.png&apos; dest=&apos;0,0,32,20&apos; source=&apos;32,0,64,20&apos;" pushedimage="file=&apos;title_restore.png&apos; dest=&apos;0,0,32,20&apos; source=&apos;64,0,96,20&apos;" />
                <Button name="closebtn" width="32" height="21" textcolor="#FF000000" disabledtextcolor="#FFA7A6AA" align="center" valign="center" normalimage="file=&apos;title_close.png&apos; dest=&apos;0,0,32,20&apos; source=&apos;0,0,32,20&apos;" hotimage="file=&apos;title_close.png&apos; dest=&apos;0,0,32,20&apos; source=&apos;32,0,64,20&apos;" pushedimage="file=&apos;title_close.png&apos; dest=&apos;0,0,32,20&apos; source=&apos;64,0,96,20&apos;" />
            </HorizontalLayout>
        </HorizontalLayout>
        <VerticalLayout>
            <HorizontalLayout bordersize="2" bkcolor="#FFFFFFFF" bordercolor="#00A0A0A4" childpadding="2">
                <Button name="ui_btn_key_enter" float="true" pos="561,49,0,0" width="100" height="76" textcolor="#FF000000" disabledtextcolor="#FFA7A6AA" align="center" valign="center" normalimage="file=&apos;button_set.png&apos; source=&apos;300,0,400,75&apos;" hotimage="file=&apos;button_set.png&apos; source=&apos;300,76,400,151&apos;" pushedimage="file=&apos;button_set.png&apos; source=&apos;300,152,400,227&apos;" />
                <Button name="ui_btn_key_oem_3" text="`" float="true" pos="4,9,0,0" width="42" height="37" textcolor="#FF000000" disabledtextcolor="#FFA7A6AA" align="center" valign="center" normalimage="file=&apos;button_set.png&apos; source=&apos;0,0,42,37&apos;" hotimage="file=&apos;button_set.png&apos; source=&apos;0,38,42,75&apos;" pushedimage="file=&apos;button_set.png&apos; source=&apos;0,76,42,113&apos;" />
                <Button name="ui_btn_key_1" text="1" float="true" pos="47,9,0,0" width="42" height="37" textcolor="#FF000000" disabledtextcolor="#FFA7A6AA" align="center" valign="center" normalimage="file=&apos;button_set.png&apos; source=&apos;0,0,42,37&apos;" hotimage="file=&apos;button_set.png&apos; source=&apos;0,38,42,75&apos;" pushedimage="file=&apos;button_set.png&apos; source=&apos;0,76,42,113&apos;" />
                <Button name="ui_btn_key_2" text="2" float="true" pos="90,9,0,0" width="42" height="37" textcolor="#FF000000" disabledtextcolor="#FFA7A6AA" align="center" valign="center" normalimage="file=&apos;button_set.png&apos; source=&apos;0,0,42,37&apos;" hotimage="file=&apos;button_set.png&apos; source=&apos;0,38,42,75&apos;" pushedimage="file=&apos;button_set.png&apos; source=&apos;0,76,42,113&apos;" />
                <Button name="ui_btn_key_3" text="3" float="true" pos="134,9,0,0" width="42" height="37" textcolor="#FF000000" disabledtextcolor="#FFA7A6AA" align="center" valign="center" normalimage="file=&apos;button_set.png&apos; source=&apos;0,0,42,37&apos;" hotimage="file=&apos;button_set.png&apos; source=&apos;0,38,42,75&apos;" pushedimage="file=&apos;button_set.png&apos; source=&apos;0,76,42,113&apos;" />
                <Button name="ui_btn_key_4" text="4" float="true" pos="178,9,0,0" width="42" height="37" textcolor="#FF000000" disabledtextcolor="#FFA7A6AA" align="center" valign="center" normalimage="file=&apos;button_set.png&apos; source=&apos;0,0,42,37&apos;" hotimage="file=&apos;button_set.png&apos; source=&apos;0,38,42,75&apos;" pushedimage="file=&apos;button_set.png&apos; source=&apos;0,76,42,113&apos;" />
                <Button name="ui_btn_key_5" text="5" float="true" pos="222,9,0,0" width="42" height="37" textcolor="#FF000000" disabledtextcolor="#FFA7A6AA" align="center" valign="center" normalimage="file=&apos;button_set.png&apos; source=&apos;0,0,42,37&apos;" hotimage="file=&apos;button_set.png&apos; source=&apos;0,38,42,75&apos;" pushedimage="file=&apos;button_set.png&apos; source=&apos;0,76,42,113&apos;" />
                <Button name="ui_btn_key_6" text="6" float="true" pos="266,9,0,0" width="42" height="37" textcolor="#FF000000" disabledtextcolor="#FFA7A6AA" align="center" valign="center" normalimage="file=&apos;button_set.png&apos; source=&apos;0,0,42,37&apos;" hotimage="file=&apos;button_set.png&apos; source=&apos;0,38,42,75&apos;" pushedimage="file=&apos;button_set.png&apos; source=&apos;0,76,42,113&apos;" />
                <Button name="ui_btn_key_7" text="7" float="true" pos="310,9,0,0" width="42" height="37" textcolor="#FF000000" disabledtextcolor="#FFA7A6AA" align="center" valign="center" normalimage="file=&apos;button_set.png&apos; source=&apos;0,0,42,37&apos;" hotimage="file=&apos;button_set.png&apos; source=&apos;0,38,42,75&apos;" pushedimage="file=&apos;button_set.png&apos; source=&apos;0,76,42,113&apos;" />
                <Button name="ui_btn_key_8" text="8" float="true" pos="354,9,0,0" width="42" height="37" textcolor="#FF000000" disabledtextcolor="#FFA7A6AA" align="center" valign="center" normalimage="file=&apos;button_set.png&apos; source=&apos;0,0,42,37&apos;" hotimage="file=&apos;button_set.png&apos; source=&apos;0,38,42,75&apos;" pushedimage="file=&apos;button_set.png&apos; source=&apos;0,76,42,113&apos;" />
                <Button name="ui_btn_key_9" text="9" float="true" pos="398,9,0,0" width="42" height="37" textcolor="#FF000000" disabledtextcolor="#FFA7A6AA" align="center" valign="center" normalimage="file=&apos;button_set.png&apos; source=&apos;0,0,42,37&apos;" hotimage="file=&apos;button_set.png&apos; source=&apos;0,38,42,75&apos;" pushedimage="file=&apos;button_set.png&apos; source=&apos;0,76,42,113&apos;" />
                <Button name="ui_btn_key_0" text="0" float="true" pos="442,9,0,0" width="42" height="37" textcolor="#FF000000" disabledtextcolor="#FFA7A6AA" align="center" valign="center" normalimage="file=&apos;button_set.png&apos; source=&apos;0,0,42,37&apos;" hotimage="file=&apos;button_set.png&apos; source=&apos;0,38,42,75&apos;" pushedimage="file=&apos;button_set.png&apos; source=&apos;0,76,42,113&apos;" />
                <Button name="ui_btn_key_oem_plus" text="=" float="true" pos="530,9,0,0" width="42" height="37" textcolor="#FF000000" disabledtextcolor="#FFA7A6AA" align="center" valign="center" normalimage="file=&apos;button_set.png&apos; source=&apos;0,0,42,37&apos;" hotimage="file=&apos;button_set.png&apos; source=&apos;0,38,42,75&apos;" pushedimage="file=&apos;button_set.png&apos; source=&apos;0,76,42,113&apos;" />
                <Button name="ui_btn_key_backspace" float="true" pos="619,9,0,0" width="42" height="37" textcolor="#FF000000" disabledtextcolor="#FFA7A6AA" align="center" valign="center" normalimage="file=&apos;button_set.png&apos; source=&apos;43,114,85,151&apos;" hotimage="file=&apos;button_set.png&apos; source=&apos;43,152,85,189&apos;" pushedimage="file=&apos;button_set.png&apos; source=&apos;43,190,85,227&apos;" />
                <Button name="ui_btn_key_tab" float="true" pos="4,49,0,0" width="56" height="37" textcolor="#FF000000" disabledtextcolor="#FFA7A6AA" align="center" valign="center" normalimage="file=&apos;button_set.png&apos; source=&apos;243,114,299,151&apos;" hotimage="file=&apos;button_set.png&apos; source=&apos;243,152,299,189&apos;" pushedimage="file=&apos;button_set.png&apos; source=&apos;243,190,299,227&apos;" />
                <Button name="ui_btn_key_oem_minus" text="_" float="true" pos="486,9,0,0" width="42" height="37" textcolor="#FF000000" disabledtextcolor="#FFA7A6AA" align="center" valign="center" normalimage="file=&apos;button_set.png&apos; source=&apos;0,0,42,37&apos;" hotimage="file=&apos;button_set.png&apos; source=&apos;0,38,42,75&apos;" pushedimage="file=&apos;button_set.png&apos; source=&apos;0,76,42,113&apos;" />
                <Button name="ui_btn_key_q" text="q" float="true" pos="61,49,0,0" width="42" height="37" textcolor="#FF000000" disabledtextcolor="#FFA7A6AA" align="center" valign="center" normalimage="file=&apos;button_set.png&apos; source=&apos;0,0,42,37&apos;" hotimage="file=&apos;button_set.png&apos; source=&apos;0,38,42,75&apos;" pushedimage="file=&apos;button_set.png&apos; source=&apos;0,76,42,113&apos;" />
                <Button name="ui_btn_key_w" text="w" float="true" pos="104,49,0,0" width="42" height="37" textcolor="#FF000000" disabledtextcolor="#FFA7A6AA" align="center" valign="center" normalimage="file=&apos;button_set.png&apos; source=&apos;0,0,42,37&apos;" hotimage="file=&apos;button_set.png&apos; source=&apos;0,38,42,75&apos;" pushedimage="file=&apos;button_set.png&apos; source=&apos;0,76,42,113&apos;" />
                <Button name="ui_btn_key_e" text="e" float="true" pos="147,49,0,0" width="42" height="37" textcolor="#FF000000" disabledtextcolor="#FFA7A6AA" align="center" valign="center" normalimage="file=&apos;button_set.png&apos; source=&apos;0,0,42,37&apos;" hotimage="file=&apos;button_set.png&apos; source=&apos;0,38,42,75&apos;" pushedimage="file=&apos;button_set.png&apos; source=&apos;0,76,42,113&apos;" />
                <Button name="ui_btn_key_r" text="r" float="true" pos="190,49,0,0" width="42" height="37" textcolor="#FF000000" disabledtextcolor="#FFA7A6AA" align="center" valign="center" normalimage="file=&apos;button_set.png&apos; source=&apos;0,0,42,37&apos;" hotimage="file=&apos;button_set.png&apos; source=&apos;0,38,42,75&apos;" pushedimage="file=&apos;button_set.png&apos; source=&apos;0,76,42,113&apos;" />
                <Button name="ui_btn_key_t" text="t" float="true" pos="234,49,0,0" width="42" height="37" textcolor="#FF000000" disabledtextcolor="#FFA7A6AA" align="center" valign="center" normalimage="file=&apos;button_set.png&apos; source=&apos;0,0,42,37&apos;" hotimage="file=&apos;button_set.png&apos; source=&apos;0,38,42,75&apos;" pushedimage="file=&apos;button_set.png&apos; source=&apos;0,76,42,113&apos;" />
                <Button name="ui_btn_key_y" text="y" float="true" pos="278,49,0,0" width="42" height="37" textcolor="#FF000000" disabledtextcolor="#FFA7A6AA" align="center" valign="center" normalimage="file=&apos;button_set.png&apos; source=&apos;0,0,42,37&apos;" hotimage="file=&apos;button_set.png&apos; source=&apos;0,38,42,75&apos;" pushedimage="file=&apos;button_set.png&apos; source=&apos;0,76,42,113&apos;" />
                <Button name="ui_btn_key_u" text="u" float="true" pos="322,49,0,0" width="42" height="37" textcolor="#FF000000" disabledtextcolor="#FFA7A6AA" align="center" valign="center" normalimage="file=&apos;button_set.png&apos; source=&apos;0,0,42,37&apos;" hotimage="file=&apos;button_set.png&apos; source=&apos;0,38,42,75&apos;" pushedimage="file=&apos;button_set.png&apos; source=&apos;0,76,42,113&apos;" />
                <Button name="ui_btn_key_i" text="i" float="true" pos="365,49,0,0" width="42" height="37" textcolor="#FF000000" disabledtextcolor="#FFA7A6AA" align="center" valign="center" normalimage="file=&apos;button_set.png&apos; source=&apos;0,0,42,37&apos;" hotimage="file=&apos;button_set.png&apos; source=&apos;0,38,42,75&apos;" pushedimage="file=&apos;button_set.png&apos; source=&apos;0,76,42,113&apos;" />
                <Button name="ui_btn_key_o" text="o" float="true" pos="408,49,0,0" width="42" height="37" textcolor="#FF000000" disabledtextcolor="#FFA7A6AA" align="center" valign="center" normalimage="file=&apos;button_set.png&apos; source=&apos;0,0,42,37&apos;" hotimage="file=&apos;button_set.png&apos; source=&apos;0,38,42,75&apos;" pushedimage="file=&apos;button_set.png&apos; source=&apos;0,76,42,113&apos;" />
                <Button name="ui_btn_key_p" text="p" float="true" pos="451,49,0,0" width="42" height="37" textcolor="#FF000000" disabledtextcolor="#FFA7A6AA" align="center" valign="center" normalimage="file=&apos;button_set.png&apos; source=&apos;0,0,42,37&apos;" hotimage="file=&apos;button_set.png&apos; source=&apos;0,38,42,75&apos;" pushedimage="file=&apos;button_set.png&apos; source=&apos;0,76,42,113&apos;" />
                <Button name="ui_btn_key_oem_4" text="[" float="true" pos="495,49,0,0" width="42" height="37" textcolor="#FF000000" disabledtextcolor="#FFA7A6AA" align="center" valign="center" normalimage="file=&apos;button_set.png&apos; source=&apos;0,0,42,37&apos;" hotimage="file=&apos;button_set.png&apos; source=&apos;0,38,42,75&apos;" pushedimage="file=&apos;button_set.png&apos; source=&apos;0,76,42,113&apos;" />
                <Button name="ui_btn_key_oem_6" text="]" float="true" pos="539,49,0,0" width="42" height="37" textcolor="#FF000000" disabledtextcolor="#FFA7A6AA" align="center" valign="center" normalimage="file=&apos;button_set.png&apos; source=&apos;0,0,42,37&apos;" hotimage="file=&apos;button_set.png&apos; source=&apos;0,38,42,75&apos;" pushedimage="file=&apos;button_set.png&apos; source=&apos;0,76,42,113&apos;" />
                <Option name="ui_btn_key_capslock" float="true" pos="4,89,0,0" width="70" height="37" textcolor="#FF000000" disabledtextcolor="#FFA7A6AA" align="center" valign="center" normalimage="file=&apos;button_set.png&apos; source=&apos;172,114,242,151&apos;" selectedimage="file=&apos;button_set.png&apos; source=&apos;172,190,242,227&apos;" selectedtextcolor="#FF000000" />
                <Button name="ui_btn_key_a" text="a" float="true" pos="75,89,0,0" width="42" height="37" textcolor="#FF000000" disabledtextcolor="#FFA7A6AA" align="center" valign="center" normalimage="file=&apos;button_set.png&apos; source=&apos;0,0,42,37&apos;" hotimage="file=&apos;button_set.png&apos; source=&apos;0,38,42,75&apos;" pushedimage="file=&apos;button_set.png&apos; source=&apos;0,76,42,113&apos;" />
                <Button name="ui_btn_key_s" text="s" float="true" pos="118,89,0,0" width="42" height="37" textcolor="#FF000000" disabledtextcolor="#FFA7A6AA" align="center" valign="center" normalimage="file=&apos;button_set.png&apos; source=&apos;0,0,42,37&apos;" hotimage="file=&apos;button_set.png&apos; source=&apos;0,38,42,75&apos;" pushedimage="file=&apos;button_set.png&apos; source=&apos;0,76,42,113&apos;" />
                <Button name="ui_btn_key_d" text="d" float="true" pos="162,89,0,0" width="42" height="37" textcolor="#FF000000" disabledtextcolor="#FFA7A6AA" align="center" valign="center" normalimage="file=&apos;button_set.png&apos; source=&apos;0,0,42,37&apos;" hotimage="file=&apos;button_set.png&apos; source=&apos;0,38,42,75&apos;" pushedimage="file=&apos;button_set.png&apos; source=&apos;0,76,42,113&apos;" />
                <Button name="ui_btn_key_f" text="f" float="true" pos="207,89,0,0" width="42" height="37" textcolor="#FF000000" disabledtextcolor="#FFA7A6AA" align="center" valign="center" normalimage="file=&apos;button_set.png&apos; source=&apos;0,0,42,37&apos;" hotimage="file=&apos;button_set.png&apos; source=&apos;0,38,42,75&apos;" pushedimage="file=&apos;button_set.png&apos; source=&apos;0,76,42,113&apos;" />
                <Button name="ui_btn_key_g" text="g" float="true" pos="252,89,0,0" width="42" height="37" textcolor="#FF000000" disabledtextcolor="#FFA7A6AA" align="center" valign="center" normalimage="file=&apos;button_set.png&apos; source=&apos;0,0,42,37&apos;" hotimage="file=&apos;button_set.png&apos; source=&apos;0,38,42,75&apos;" pushedimage="file=&apos;button_set.png&apos; source=&apos;0,76,42,113&apos;" />
                <Button name="ui_btn_key_h" text="h" float="true" pos="294,89,0,0" width="42" height="37" textcolor="#FF000000" disabledtextcolor="#FFA7A6AA" align="center" valign="center" normalimage="file=&apos;button_set.png&apos; source=&apos;0,0,42,37&apos;" hotimage="file=&apos;button_set.png&apos; source=&apos;0,38,42,75&apos;" pushedimage="file=&apos;button_set.png&apos; source=&apos;0,76,42,113&apos;" />
                <Button name="ui_btn_key_j" text="j" float="true" pos="340,88,0,0" width="42" height="37" textcolor="#FF000000" disabledtextcolor="#FFA7A6AA" align="center" valign="center" normalimage="file=&apos;button_set.png&apos; source=&apos;0,0,42,37&apos;" hotimage="file=&apos;button_set.png&apos; source=&apos;0,38,42,75&apos;" pushedimage="file=&apos;button_set.png&apos; source=&apos;0,76,42,113&apos;" />
                <Button name="ui_btn_key_k" text="k" float="true" pos="386,89,0,0" width="42" height="37" textcolor="#FF000000" disabledtextcolor="#FFA7A6AA" align="center" valign="center" normalimage="file=&apos;button_set.png&apos; source=&apos;0,0,42,37&apos;" hotimage="file=&apos;button_set.png&apos; source=&apos;0,38,42,75&apos;" pushedimage="file=&apos;button_set.png&apos; source=&apos;0,76,42,113&apos;" />
                <Button name="ui_btn_key_l" text="l" float="true" pos="430,89,0,0" width="42" height="37" textcolor="#FF000000" disabledtextcolor="#FFA7A6AA" align="center" valign="center" normalimage="file=&apos;button_set.png&apos; source=&apos;0,0,42,37&apos;" hotimage="file=&apos;button_set.png&apos; source=&apos;0,38,42,75&apos;" pushedimage="file=&apos;button_set.png&apos; source=&apos;0,76,42,113&apos;" />
                <Button name="ui_btn_key_oem_1" text=";" float="true" pos="474,89,0,0" width="42" height="37" textcolor="#FF000000" disabledtextcolor="#FFA7A6AA" align="center" valign="center" normalimage="file=&apos;button_set.png&apos; source=&apos;0,0,42,37&apos;" hotimage="file=&apos;button_set.png&apos; source=&apos;0,38,42,75&apos;" pushedimage="file=&apos;button_set.png&apos; source=&apos;0,76,42,113&apos;" />
                <Button name="ui_btn_key_oem_7" text="&apos;" float="true" pos="518,89,0,0" width="42" height="37" textcolor="#FF000000" disabledtextcolor="#FFA7A6AA" align="center" valign="center" normalimage="file=&apos;button_set.png&apos; source=&apos;0,0,42,37&apos;" hotimage="file=&apos;button_set.png&apos; source=&apos;0,38,42,75&apos;" pushedimage="file=&apos;button_set.png&apos; source=&apos;0,76,42,113&apos;" />
                <Button name="ui_btn_key_oem_5" text="\" float="true" pos="574,9,0,0" width="42" height="37" textcolor="#FF000000" disabledtextcolor="#FFA7A6AA" align="center" valign="center" normalimage="file=&apos;button_set.png&apos; source=&apos;0,0,42,37&apos;" hotimage="file=&apos;button_set.png&apos; source=&apos;0,38,42,75&apos;" pushedimage="file=&apos;button_set.png&apos; source=&apos;0,76,42,113&apos;" />
                <Option name="ui_btn_key_lshift" float="true" pos="4,128,0,0" width="86" height="37" textcolor="#FF000000" disabledtextcolor="#FFA7A6AA" align="center" valign="center" normalimage="file=&apos;button_set.png&apos; source=&apos;86,114,171,151&apos;" selectedimage="file=&apos;button_set.png&apos; source=&apos;86,190,171,227&apos;" selectedtextcolor="#FF000000" />
                <Button name="ui_btn_key_z" text="z" float="true" pos="92,128,0,0" width="42" height="37" textcolor="#FF000000" disabledtextcolor="#FFA7A6AA" align="center" valign="center" normalimage="file=&apos;button_set.png&apos; source=&apos;0,0,42,37&apos;" hotimage="file=&apos;button_set.png&apos; source=&apos;0,38,42,75&apos;" pushedimage="file=&apos;button_set.png&apos; source=&apos;0,76,42,113&apos;" />
                <Button name="ui_btn_key_x" text="x" float="true" pos="136,128,0,0" width="42" height="37" textcolor="#FF000000" disabledtextcolor="#FFA7A6AA" align="center" valign="center" normalimage="file=&apos;button_set.png&apos; source=&apos;0,0,42,37&apos;" hotimage="file=&apos;button_set.png&apos; source=&apos;0,38,42,75&apos;" pushedimage="file=&apos;button_set.png&apos; source=&apos;0,76,42,113&apos;" />
                <Button name="ui_btn_key_c" text="c" float="true" pos="180,128,0,0" width="42" height="37" textcolor="#FF000000" disabledtextcolor="#FFA7A6AA" align="center" valign="center" normalimage="file=&apos;button_set.png&apos; source=&apos;0,0,42,37&apos;" hotimage="file=&apos;button_set.png&apos; source=&apos;0,38,42,75&apos;" pushedimage="file=&apos;button_set.png&apos; source=&apos;0,76,42,113&apos;" />
                <Button name="ui_btn_key_v" text="v" float="true" pos="224,128,0,0" width="42" height="37" textcolor="#FF000000" disabledtextcolor="#FFA7A6AA" align="center" valign="center" normalimage="file=&apos;button_set.png&apos; source=&apos;0,0,42,37&apos;" hotimage="file=&apos;button_set.png&apos; source=&apos;0,38,42,75&apos;" pushedimage="file=&apos;button_set.png&apos; source=&apos;0,76,42,113&apos;" />
                <Button name="ui_btn_key_b" text="b" float="true" pos="267,128,0,0" width="42" height="37" textcolor="#FF000000" disabledtextcolor="#FFA7A6AA" align="center" valign="center" normalimage="file=&apos;button_set.png&apos; source=&apos;0,0,42,37&apos;" hotimage="file=&apos;button_set.png&apos; source=&apos;0,38,42,75&apos;" pushedimage="file=&apos;button_set.png&apos; source=&apos;0,76,42,113&apos;" />
                <Button name="ui_btn_key_n" text="n" float="true" pos="311,128,0,0" width="42" height="37" textcolor="#FF000000" disabledtextcolor="#FFA7A6AA" align="center" valign="center" normalimage="file=&apos;button_set.png&apos; source=&apos;0,0,42,37&apos;" hotimage="file=&apos;button_set.png&apos; source=&apos;0,38,42,75&apos;" pushedimage="file=&apos;button_set.png&apos; source=&apos;0,76,42,113&apos;" />
                <Button name="ui_btn_key_m" text="m" float="true" pos="355,128,0,0" width="42" height="37" textcolor="#FF000000" disabledtextcolor="#FFA7A6AA" align="center" valign="center" normalimage="file=&apos;button_set.png&apos; source=&apos;0,0,42,37&apos;" hotimage="file=&apos;button_set.png&apos; source=&apos;0,38,42,75&apos;" pushedimage="file=&apos;button_set.png&apos; source=&apos;0,76,42,113&apos;" />
                <Button name="ui_btn_key_oem_comma" text="," float="true" pos="399,128,0,0" width="42" height="37" textcolor="#FF000000" disabledtextcolor="#FFA7A6AA" align="center" valign="center" normalimage="file=&apos;button_set.png&apos; source=&apos;0,0,42,37&apos;" hotimage="file=&apos;button_set.png&apos; source=&apos;0,38,42,75&apos;" pushedimage="file=&apos;button_set.png&apos; source=&apos;0,76,42,113&apos;" />
                <Button name="ui_btn_key_oem_period" text="." float="true" pos="443,128,0,0" width="42" height="37" textcolor="#FF000000" disabledtextcolor="#FFA7A6AA" align="center" valign="center" normalimage="file=&apos;button_set.png&apos; source=&apos;0,0,42,37&apos;" hotimage="file=&apos;button_set.png&apos; source=&apos;0,38,42,75&apos;" pushedimage="file=&apos;button_set.png&apos; source=&apos;0,76,42,113&apos;" />
                <Button name="ui_btn_key_oem_2" text="/" float="true" pos="488,128,0,0" width="42" height="37" textcolor="#FF000000" disabledtextcolor="#FFA7A6AA" align="center" valign="center" normalimage="file=&apos;button_set.png&apos; source=&apos;0,0,42,37&apos;" hotimage="file=&apos;button_set.png&apos; source=&apos;0,38,42,75&apos;" pushedimage="file=&apos;button_set.png&apos; source=&apos;0,76,42,113&apos;" />
                <Option name="ui_btn_key_rshift" float="true" pos="531,128,0,0" width="86" height="37" textcolor="#FF000000" disabledtextcolor="#FFA7A6AA" align="center" valign="center" normalimage="file=&apos;button_set.png&apos; source=&apos;86,114,171,151&apos;" selectedimage="file=&apos;button_set.png&apos; source=&apos;86,190,171,227&apos;" selectedtextcolor="#FF000000" />
                <Button name="ui_btn_key_delete" float="true" pos="619,128,0,0" width="42" height="37" textcolor="#FF000000" disabledtextcolor="#FFA7A6AA" align="center" valign="center" normalimage="file=&apos;button_set.png&apos; source=&apos;0,114,42,151&apos;" hotimage="file=&apos;button_set.png&apos; source=&apos;0,152,42,189&apos;" pushedimage="file=&apos;button_set.png&apos; source=&apos;0,190,42,227&apos;" />
                <Option name="ui_btn_key_lctrl" float="true" pos="4,169,0,0" width="52" height="37" textcolor="#FF000000" disabledtextcolor="#FFA7A6AA" align="center" valign="center" normalimage="file=&apos;button_set.png&apos; source=&apos;401,114,453,151&apos;" selectedimage="file=&apos;button_set.png&apos; source=&apos;401,190,453,227&apos;" selectedtextcolor="#FF000000" />
                <Option name="ui_btn_key_lalt" float="true" pos="123,169,0,0" width="52" height="37" textcolor="#FF000000" disabledtextcolor="#FFA7A6AA" align="center" valign="center" normalimage="file=&apos;button_set.png&apos; source=&apos;401,0,453,37&apos;" selectedimage="file=&apos;button_set.png&apos; source=&apos;401,76,453,113&apos;" selectedtextcolor="#FF000000" />
                <Button name="ui_btn_key_space" float="true" pos="184,169,0,0" width="300" height="37" textcolor="#FF000000" disabledtextcolor="#FFA7A6AA" align="center" valign="center" normalimage="file=&apos;button_set.png&apos; source=&apos;43,0,299,37&apos;" hotimage="file=&apos;button_set.png&apos; source=&apos;43,38,299,75&apos;" pushedimage="file=&apos;button_set.png&apos; source=&apos;43,76,299,113&apos;" />
                <Button float="true" pos="66,169,0,0" width="52" height="37" textcolor="#FF000000" disabledtextcolor="#FFA7A6AA" align="center" valign="center" normalimage="file=&apos;button_set.png&apos; source=&apos;0,0,42,37&apos;" hotimage="file=&apos;button_set.png&apos; source=&apos;0,38,42,75&apos;" pushedimage="file=&apos;button_set.png&apos; source=&apos;0,76,42,113&apos;" />
                <Option name="ui_btn_key_ralt" float="true" pos="489,169,0,0" width="52" height="37" textcolor="#FF000000" disabledtextcolor="#FFA7A6AA" align="center" valign="center" normalimage="file=&apos;button_set.png&apos; source=&apos;401,0,453,37&apos;" selectedimage="file=&apos;button_set.png&apos; source=&apos;401,76,453,113&apos;" selectedtextcolor="#FF000000" />
                <Button float="true" pos="547,169,0,0" width="52" height="37" textcolor="#FF000000" disabledtextcolor="#FFA7A6AA" align="center" valign="center" normalimage="file=&apos;button_set.png&apos; source=&apos;0,0,42,37&apos;" hotimage="file=&apos;button_set.png&apos; source=&apos;0,38,42,75&apos;" pushedimage="file=&apos;button_set.png&apos; source=&apos;0,76,42,113&apos;" />
                <Option name="ui_btn_key_rctrl" float="true" pos="609,169,0,0" width="52" height="37" textcolor="#FF000000" disabledtextcolor="#FFA7A6AA" align="center" valign="center" normalimage="file=&apos;button_set.png&apos; source=&apos;401,114,453,151&apos;" selectedimage="file=&apos;button_set.png&apos; source=&apos;401,190,453,227&apos;" selectedtextcolor="#FF000000" />
            </HorizontalLayout>
        </VerticalLayout>
    </VerticalLayout>
</Window>
